progress,x,y,z,eyeHeight,stoneDistance,speedPerProgress,accelerationPerProgressSquared,yawDegrees,pitchDegrees,angularDeltaDegrees
0,0.0,0.0,23.769000000000002,4.435470161844912,36.86979486187927,0.0,0.0,-0.0,0.0,0
0.005,0.0,0.0,23.769000000000002,4.435470161844912,36.86979486187927,0.0,0.0,0.0,0.0,0.0
0.01,0.0,0.0,23.769000000000002,4.435470161844912,36.86979486187927,0.0,0.0,0.0,0.0,0.0
0.015,0.0,0.0,23.769000000000002,4.435470161844912,36.86979486187927,0.0,146.13934693318961,0.0,0.0,0.0
0.02,0.0,0.0,23.769000000000002,4.435470161844912,36.86979486187927,1.461393469331896,1105.8257720015108,0.0,0.0,0.0
0.025,-3.775654292653287e-10,-2.402255157805008e-10,23.754386065306683,4.4351106668184945,36.85530019901374,11.058257720015108,3232.659031491623,0.0005151221363618798,-0.0010088792359365145,0.001132779718294299
0.03,-1.6358777951193945e-07,-1.0408251302326308e-07,23.65841742280002,4.432722015020206,36.760117131917276,33.787983783985204,5667.671995085148,0.0039016694474274037,-0.0076415144821320325,0.007447184405421539
0.035,-5.298404145456836e-06,-3.3711027811327013e-06,23.416506227525183,4.426529274527262,36.520203799349126,67.73497760277503,7585.235478598392,0.01246744699334405,-0.02441779657593429,0.0188365651720715
0.04,-5.917762478940177e-05,-3.7651687193291504e-05,22.981067650383757,4.415118235191924,36.088422766749964,109.6403351640286,8879.369546697111,0.0279919872502015,-0.05482296911206102,0.03413921302554538
0.045,-0.00036796228845597595,-0.0002341155298675204,22.3201029601459,4.398711817050903,35.43315092996419,156.52860779566115,9606.85088251511,0.0518216287070015,-0.10149380055341865,0.05240246448206073
0.05,-0.0015764379659646613,-0.0010030066158512034,21.415782605462,4.38246588009107,34.53686399389052,205.7081679902412,9824.853025730654,0.0849522349871165,-0.16638049032194938,0.07285546966538148
0.055,-0.005213334411382502,-0.003316977272912626,20.26302929687504,4.379968780810719,33.39468429171073,254.7725731580951,9591.856482567699,0.12809283644328828,-0.250871124255925,0.09486716171142957
0.06,-0.01424026166443741,-0.009060348056349192,18.868101088832038,4.409310444612536,32.01288773589221,301.60419517765655,8969.666672202056,0.1817078314724917,-0.3558740355490894,0.11789901723299773
0.065,-0.03355816977927947,-0.021351342096026224,17.24717446169653,4.472719129161898,30.40737381242325,344.3814251491698,8027.051019562206,0.24603771656437626,-0.4818580119591983,0.14145774904423075
0.07,-0.07027890036384044,-0.04471485941189244,15.424927403760366,4.531179434608753,28.602112743795974,381.5893857182925,6845.677408928441,0.32109948649084474,-0.6288526118274649,0.16505053348184542
0.075,-0.13357734187870504,-0.08498841091420566,13.433122493255205,4.519067792263411,26.627597336296148,412.0309725799189,5530.882392293603,0.4066685527445722,-0.7964122710347457,0.1881443575371858
0.08,-0.23400492462544678,-0.1488853304781423,11.309189980350958,4.4177710841610045,24.519342589376436,434.83249587580053,4237.806773096979,0.5022447934437684,-0.9835494280240243,0.21013120947135258
0.085,-0.3822549099541348,-0.2432090809198668,9.094798435087482,4.295234362868358,22.316476600952004,449.44746552963437,3232.9678636211656,0.6069940693673295,-1.188645385337932,0.2302970924677571
0.09,-0.5874999996079744,-0.3737935808369823,6.834286636368564,4.210935808937779,20.060355776839984,455.64329681833146,2916.9227202634866,0.7195385058887714,-1.4093623264501385,0.24775431907695955
0.095,-0.8555437852668762,-0.5443209148232458,4.573027687079976,4.106892593279976,17.79331165814245,453.44085131356746,3416.1671839811142,0.8376523423896607,-1.6425720952687528,0.2614147191476445
0.1,-1.1871111480962713,-0.7552240700818668,2.355912174972974,3.884257674391314,15.55770119210369,443.03138988298656,4361.051389352809,0.9580638455678188,-1.8843099473995435,0.270066839400046
0.105,-1.5766274243192344,-1.0028994762077241,0.22591078841085466,3.5569529262010153,13.39514135392649,424.7141285389819,5442.866122479824,1.076364795309786,-2.129782811004754,0.27249223854809834
0.11,-2.011791739993415,-1.2794280576910346,-1.7772852796359286,3.2294202571895116,11.3457792431838,398.8744245982555,6536.870510108464,1.1870742149767406,-2.3734607742557463,0.2676481027368277
0.115,-2.474139808109499,-1.5729351995336853,-3.6185152357095607,2.9568125757894568,9.447439797326075,366.03225392703837,7585.050113928907,1.2838948324112647,-2.609258643176845,0.25490165497909856
0.12,-2.9406324496680285,-1.868614608378682,-5.268427676621584,2.7239523836302006,7.734336302577121,326.94163389913365,8525.329316375184,1.3601948260323298,-2.8308804887025025,0.23438840453515483
0.125,-3.3861263534600052,-2.1503280759534684,-6.704610050361705,2.4990170533916425,6.2353864692757925,282.7304890854242,9266.597538540758,1.4096565650229118,-3.032234479613854,0.20734003656948902
0.13,-3.7864161106310497,-2.402572825731496,-7.912892001738811,2.2639019647691785,4.971766449197127,235.01272703988062,9690.15992373165,1.4269688096479478,-3.208001818650696,0.17661786730758758
0.135,-4.121419148075094,-2.6125454130116808,-8.888367781105226,2.0381751876155976,3.954190649117474,185.9713425584999,9662.946062529641,1.408735792986692,-3.354195154812177,0.14732594563008028
0.14,-4.378029320575486,-2.771966491791501,-9.636863044011587,1.8507247782929568,3.179481342069445,138.38754795698833,9059.141031192257,1.353815557336521,-3.468775237229098,0.1270622940456756
0.145,-4.552220661897369,-2.878414989063884,-10.176325376359445,1.7232861813639384,2.627833367621438,95.58729622358727,7775.4434510042365,1.2635384325139052,-3.552130061732014,0.12287385644792204
0.15,-4.650133786924304,-2.935978660282737,-10.538390796170892,1.6519523474182765,2.2621590734880046,61.396976474871266,5733.354957491346,1.1414306931224432,-3.607477647756143,0.1340658574519156
0.155,-4.688119309498903,-2.955224408958434,-10.770118894866616,1.6237236205458268,2.0299160626958073,40.008400737969026,3059.38129617494,0.9924907415365112,-3.6410766322849994,0.152682678444801
0.16,-4.692017898186865,-2.9526684782655828,-10.935926183476774,1.6194016817572479,1.864091096336146,33.297714406515986,738.0957567894241,0.8220913040869458,-3.6623575798450676,0.17172316871780538
0.165,-4.689537644135892,-2.9459039764207944,-11.102962546351753,1.6193353077260282,1.6970698934789243,34.973783705418825,468.4395421009272,0.6341355919540919,-3.681352495396324,0.18891309169188578
0.17,-4.686915937608483,-2.9389266661122857,-11.285356701984162,1.6192718318520471,1.5146999985846783,37.9287922192921,565.827061417047,0.4290704762967853,-3.699439864478742,0.2058612499505195
0.175,-4.684415911102722,-2.931945894697999,-11.481958941752527,1.6192091860792788,1.3181333740941592,40.62674874512058,510.9228646733842,0.20626601924175297,-3.71531422521698,0.22336924832564262
0.18,-4.682414555119881,-2.925184083445381,-11.691366739221236,1.6191560584302875,1.1087729122675987,43.02452153201637,449.39559593364066,-0.03561418475359021,-3.7275745646798932,0.24219072811759365
0.185,-4.681419464003595,-2.918886850724741,-11.911995484363944,1.61910942026568,0.8881990698975885,45.08739317382961,384.8772226755813,-0.29884625617175237,-3.7346293243687776,0.26332658994870023
0.19,-4.68209186304784,-2.913286950186296,-12.142083564302341,1.619078783846665,0.658160301046844,46.79342232144356,323.7417526936811,-0.586877394952984,-3.734936297167993,0.28803130236381597
0.195,-4.6852825896379455,-2.9086132140368077,-12.379800963067256,1.619062749142837,0.42045687946091326,48.13526597016701,277.24108711863147,-0.9046892698822864,-3.7269405693866022,0.3179124397445393
0.2,-4.692096418109265,-2.9050671705508924,-12.623262041691595,1.6190633995069659,0.17691477303776348,49.11640127244057,260.3910064395254,-1.2593765651577025,-3.7092036604368213,0.35513050328273743
0.205,-4.704013911140372,-2.902820411428901,-12.87057348514674,1.619084550819224,0.0013583244577279438,49.76653559986456,260.3790402912152,-1.6611661608426722,-3.6803905181504715,0.40282139089739405
0.21,-4.722338586379599,-2.901988840879442,-13.119998130279892,1.619124636338463,0.002033176505092621,50.13985148757313,237.74575665468996,-2.1193016287109567,-3.639494083131402,0.4599571897554791
0.215,-4.746616266434559,-2.9025486384959063,-13.370158749323387,1.6191813686135497,0.003171871284796917,50.30186809554495,183.10073346664743,-2.6299200000621603,-3.5865669432853404,0.5133540540047539
0.22,-4.775459110027953,-2.9043704198782505,-13.620198421602236,1.6192593003259255,0.012938080097404396,50.344394762170026,106.21956013136942,-3.182289861082083,-3.5224956238514595,0.5560733454719593
0.225,-4.806833895537317,-2.907268017610922,-13.869966085206858,1.61934798756851,0.025249577575621764,50.35306754113243,33.16337816331766,-3.761140361193227,-3.4486694639090665,0.5835393362996489
0.23,-4.838296453034431,-2.9109931312187785,-14.119748968692889,1.6194527438801734,0.03764743732910875,50.36536806063588,78.62184207829958,-4.348237107191038,-3.367030350850253,0.5927457090735441
0.235,-4.867345335598277,-2.915287985494082,-14.369907157459613,1.6195668644427146,0.04761008717095175,50.39379272462532,68.01523973775755,-4.924784947990975,-3.27965847694533,0.5831305108341094
0.24,-4.893743225961987,-2.9199903983560107,-14.620546471754986,1.61968877338016,0.033501989568040846,50.444006478614476,19.777543038372063,-5.489396454210321,-3.1877202400299023,0.5720478336302282
0.245,-4.921478341511471,-2.9251405950041347,-14.871337434485337,1.619817509165327,0.011828913392731068,50.51899280898758,21.689131782236107,-6.0735202988436665,-3.0904206661598,0.5921720957170115
0.25,-4.949563070333514,-2.9305237441440752,-15.122532584156815,1.6199491903779446,0.00958002478879417,50.623587286036944,49.493866595101295,-6.670125399329675,-2.9894186599728383,0.6050941736659464
0.255,-4.976646016870702,-2.9359021420457134,-15.374443263979918,1.6200810185781744,0.03211098529895605,50.7597859930876,104.74797942469938,-7.26931000087338,-2.8866226848064436,0.6079384038951046
0.26,-5.001339805338501,-2.9410365169999553,-15.627373389486088,1.6202107616556702,0.05718397120562239,50.92927391825663,162.75802353502223,-7.860835873842446,-2.7839849583274745,0.6003642791835977
0.265,-5.022202725182022,-2.9456931411722893,-15.881599863905446,1.6203336456334512,0.08626701409698104,51.133671964710224,203.88791617585846,-8.433986102186934,-2.6834299917691076,0.5819041168719158
0.27,-5.037785768399494,-2.949644925266213,-16.137336944990928,1.6204490901079307,0.10649808043139862,51.37632238158607,204.56950208740977,-8.977900436164369,-2.586828263186632,0.5524261277200403
0.275,-5.0484291894488775,-2.9527682789006926,-16.394644467369755,1.6205527701781648,0.07396064151736945,51.655897313005774,180.9177427193993,-9.49569871905421,-2.4950816315927926,0.5258635268636557
0.28,-5.055040119250304,-2.9549768970603036,-16.65358013397717,1.6206420141256608,0.04530223543823631,51.97023218780704,159.48173464863487,-9.995018629300462,-2.4087636650959205,0.5067258794990033
0.285,-5.058196312415099,-2.9561776696781497,-16.914243815645854,1.6207187099877887,0.01993869738798999,52.31824385669821,142.35046971125894,-10.480974381083993,-2.328537482335482,0.49253344506565977
0.29,-5.058499129085902,-2.956301200580242,-17.176749461724924,1.6207768475535165,0.0027388571033815363,52.69848214453458,126.95849122405075,-10.958914964790951,-2.2548789641851976,0.483583237291182
0.295,-5.0565760369550015,-2.9552898130802365,-17.441225398295455,1.620815569865738,0.023366550501847806,53.108060565254384,115.7733838576954,-11.434439542395921,-2.188166226319085,0.4801814112936445
0.3,-5.0530848112994615,-2.9531035615043475,-17.707792840336804,1.6208343482757712,0.03991968688082717,53.54281912548953,114.74869345689133,-11.913378156151234,-2.128630024994876,0.4826248381234412
0.305,-5.048457645290864,-2.9497129976061274,-17.976562991629272,1.6208332775125331,0.030817789375413292,53.99927051241611,126.70314892701958,-12.399732910122715,-2.076420059977042,0.48914906806883257
0.31,-5.042070154001244,-2.945082408720494,-18.247613606906533,1.6208110924538497,0.019917837949921326,54.47394236455387,150.00027513875165,-12.894543771314503,-2.016134189065629,0.49846981051786005
0.315,-5.033007271818389,-2.9392057620268446,-18.52098187781317,1.6207677904466617,0.006304274569850438,54.96261584626835,178.8853560827881,-13.390402664632644,-1.9451447606641992,0.500914672947973
0.32,-5.0203058309943565,-2.9321203277875307,-18.79665569342485,1.6207044102765629,0.010985733314054474,55.46062632353174,210.27398260660587,-13.87210864484807,-1.8808681391742437,0.48597542233301994
0.325,-5.00295695993482,-2.923912161833851,-19.074562216850495,1.6206210514871682,0.03295970459450965,55.96322313561063,229.02461241149703,-14.330799365273494,-1.8227364222321107,0.46235966030126635
0.33,-4.979998670379432,-2.9147175034453117,-19.354563130981198,1.620518981681136,0.04928073592684272,56.46742945077548,222.73903587865374,-14.758226735976299,-1.7697956035651208,0.43069348093131277
0.335,-4.951981870279855,-2.9047349607473,-19.63660388262892,1.6204010468665215,0.04536632255404222,56.96660525593266,210.79171802170902,-15.158009069938776,-1.7205770183338813,0.4028006626848575
0.34,-4.919192875898487,-2.8941830957696792,-19.920602356563204,1.6202713143140839,0.045973356293305526,57.454454703353555,207.88128350660787,-15.531631178649967,-1.6735362318226232,0.3765717831547004
0.345,-4.881539983004298,-2.8833054223698786,-20.20641100080836,1.6201311135145584,0.051209570240985436,57.9264424269937,208.54680754248818,-15.877645027507482,-1.627033019161648,0.34912479976447897
0.35,-4.8389366205267255,-2.8723656292255075,-20.493865127770334,1.61998439891582,0.06117952615333386,58.379012571906735,215.72445900596165,-16.19469681500473,-1.5793549385349719,0.3206166395048656
0.355,-4.79130338954447,-2.861643736588884,-20.78277810557491,1.6198351717577593,0.07598312979624011,58.807349825833526,238.67222611450953,-16.481528722799094,-1.5287594755595861,0.2912600879941542
0.36,-4.737889731080308,-2.851435443691223,-21.072814083050936,1.6196874316903003,0.050996045507036035,59.208808930779156,250.44758504490812,-16.731940370553346,-1.4734993271835608,0.2564364881773388
0.365,-4.67769807846324,-2.842050744697233,-21.36353472711531,1.6195432616720629,0.020318561714872917,59.58394020856609,216.63165080663094,-16.9381257652292,-1.4118217840278615,0.21521276030586145
0.37,-4.612219581077254,-2.8337572485216507,-21.654981660206822,1.6194079712319978,0.005540295508522646,59.927315775199695,159.26780658868068,-17.11074940911835,-1.3423347017556455,0.1860843179375295
0.375,-4.54307984916152,-2.826787003049671,-21.94729261197224,1.619284434942375,0.028171509132687296,60.237792682216174,109.06076663732415,-17.261115602945587,-1.26399502118225,0.16954968085784727
0.38,-4.471930838391675,-2.8213331085162094,-22.240664062318572,1.6191751592103962,0.04920896247503765,60.51352493143271,86.52933260721902,-17.400306356437103,-1.1761068548200238,0.16461589183228847
0.385,-4.400426670999971,-2.8175497515946235,-22.535300616942138,1.6190824211346904,0.05867431492815711,60.75367723127925,86.10081490815604,-17.538905744432046,-1.0783026319980078,0.16963328590947677
0.39,-4.328825794473082,-2.815583745258043,-22.83107817202415,1.6190086079792874,0.03130222362600158,60.95923400958964,99.45128521765922,-17.67721291861534,-0.9703045067019989,0.1754778157848455
0.395,-4.255840062654782,-2.8155838997270113,-23.12749456255224,1.6189559954893245,0.0026541520819816874,61.130735264791355,136.6869343420527,-17.80479004823953,-0.8518498986209646,0.17409024207148305
0.4,-4.180136264523974,-2.817664688030243,-23.424023171802453,1.618926204997714,0.028666009635158404,61.26971292468062,183.76752627184587,-17.911376073867793,-0.7229087348946809,0.16729136192481692
0.405,-4.100386430222123,-2.8218983869286944,-23.72010916547909,1.618920124859419,0.06405333253160074,61.37836321893104,232.2458796242959,-17.987196498788226,-0.5837119209327707,0.15850705670155357
0.41,-4.0152884224526515,-2.8283096767332374,-24.01515955227945,1.6189378319167904,0.10391000436959395,61.45991840701013,259.1913347991305,-18.02304392155427,-0.4347643968252952,0.15320052850189173
0.415,-3.923779796725858,-2.8368675574821216,-24.3085972095358,1.618978649323826,0.07341024013554485,61.520194678877345,238.44191945399038,-18.01165408241176,-0.27687815403709587,0.15829653821902145
0.42,-3.826667944742435,-2.8474478146918747,-24.60041973578465,1.6190410967797577,0.048699173913469694,61.56158035182157,182.94891027402767,-17.95853130332162,-0.11139523342768683,0.17380053137663193
0.425,-3.725568745992588,-2.8598669177169542,-24.890977005148063,1.619123422183229,0.02815275369236258,61.58766589463764,121.6595729228212,-17.874432807248628,0.06005305584768684,0.1909635244355517
0.43,-3.622038373794323,-2.8739111077225603,-25.180704572610942,1.6192237275179426,0.010168382814842614,61.60416984954777,69.99334783435684,-17.76942314463842,0.23575036937338364,0.2046865080636905
0.435,-3.5175875129077028,-2.8893424864627413,-25.470099075023487,1.6193399530958335,0.0068385485585278375,61.610764431723446,49.24427239984094,-17.652944058997495,0.4139413952144284,0.2128835553651653
0.44,-3.4133816165798807,-2.9059073130700694,-25.75951994032179,1.619469764668243,0.019034016223084805,61.5961644870724,53.881719849174594,-17.531757554535634,0.5928698064415548,0.2161053753943692
0.445,-3.3079927516447163,-2.9233792307594104,-26.048303436854702,1.6196102111360204,0.023094682404342114,61.54444754019841,63.444619452813164,-17.396418828934934,0.7719455218844657,0.2244652926481188
0.45,-3.201321611409051,-2.941481958655694,-26.33618006648037,1.6197580621034833,0.025634569301671597,61.44119526668499,57.66341187182498,-17.261959022550556,0.9506076464851659,0.22360585782434958
0.455,-3.0937465321951185,-2.959915516612215,-26.622990921360437,1.619910184577737,0.02695089682644284,61.274683814064105,54.99987390481826,-17.134673223472593,1.1255981612276935,0.21638701971658011
0.46,-2.985660726310008,-2.978373426747014,-26.908533182896903,1.620063487540146,0.027339193525071984,61.03589867280337,59.97370500023557,-17.014566120291928,1.2949794570094688,0.2076432736423947
0.465,-2.877467143160538,-2.9965509594851882,-27.192568978244655,1.6202149930523504,0.027091638673567297,60.71930173010719,73.91444037544761,-16.9015803653699,1.45698436887552,0.1975129458576203
0.47,-2.769962500341853,-3.014148014657253,-27.474993962151057,1.6203619733228702,0.009783235134135594,60.32179331088574,92.44071837396933,-16.79795809744164,1.610033644336724,0.18482870110229604
0.475,-2.663377319334489,-3.030892331340092,-27.755470472591025,1.6205015616078242,0.00973900542392878,59.84188225118222,115.450512546202,-16.702428640331384,1.7528412965822238,0.17181355590480077
0.48,-2.5569273747151127,-3.046552915177167,-28.03326902411239,1.6206305462722757,0.029918371700709986,59.28023176237124,146.60085753359624,-16.6078702669356,1.8844559561696412,0.16206079312406257
0.485,-2.449878591304514,-3.0609290669048317,-28.3076757563635,1.620745434526408,0.05166620390807688,58.639350334849894,179.96572533225398,-16.50785792104353,2.004182426577669,0.15600286347237619
0.49,-2.341567212267678,-3.073851177037554,-28.57800028455128,1.620846240667995,0.07581973042833332,57.92335003347964,213.05647461337847,-16.39675418982935,2.111560260021892,0.1545122473986475
0.495,-2.2314051756549236,-3.0851889355084543,-28.84357898768408,1.620931225937424,0.08613958265998473,57.13773618272327,234.23172812633845,-16.26970436416214,2.206381501025611,0.15853303210220276
0.5,-2.118837568540193,-3.0948503565307934,-29.103759383259316,1.620999503588684,0.05532316752206296,56.288355075156204,230.1790938393157,-16.122359858697635,2.288658162748416,0.16875973639277164
0.505,-2.004827811552586,-3.1027650935274425,-29.35854662594149,1.621049126466425,0.02842712911106996,55.38352182558989,215.72077881755072,-15.959081500079225,2.358559977244725,0.17761216951487663
0.51,-1.8907347157736327,-3.1088944411372834,-29.60824456760855,1.6210826436736587,0.004120162244428516,54.433161267676795,209.05787222807993,-15.786445748233389,2.4164426263245464,0.18208102961601044
0.515,-1.7777729512590776,-3.11323794892313,-29.853150825555936,1.6211018690357673,0.018800670743424935,53.44460061373109,211.55124667182858,-15.610094447652312,2.4628402350246494,0.18235272856337156
0.52,-1.6670210393964824,-3.1158303020107523,-30.093565717273272,1.6211071348412496,0.041421305005645746,52.42746328932157,219.48543991096378,-15.434855181817035,2.4984321489383627,0.17881717938659514
0.525,-1.5594367183670992,-3.1167370537790617,-30.329785839342232,1.6210968399318997,0.06472085333592145,51.39173431861804,224.46943747601395,-15.264864746049504,2.524006182802789,0.17190340014196584
0.53,-1.4555667296365085,-3.116050269698307,-30.561965185810216,1.6210699033972729,0.06462662926940423,50.34797774326982,221.09462708251687,-15.10208300756913,2.540415342618554,0.16360670745997644
0.535,-1.354748319500602,-3.1138811758501745,-30.789771045206948,1.6210341385053928,0.04668075169142541,49.30583229323584,215.75844169555148,-14.942275143072228,2.5485091214263673,0.1600126956441877
0.54,-1.2564428782668637,-3.110360363356885,-31.012990491745942,1.6209862247464315,0.029550972477497075,48.27372612959001,210.93640458097622,-14.782187427287088,2.549183417415859,0.16008913585990187
0.545,-1.1601748046936795,-3.1056179152578176,-31.231481503882684,1.620927662423857,0.012741671624800673,47.26246944782676,205.58313122022014,-14.619137976592643,2.543283460121595,0.16315616092192278
0.55,-1.0654904220158277,-3.0997828836446404,-31.44519342811416,1.6208604446038226,0.0041912731237772035,46.2840791956542,199.59546288460714,-14.450809416316359,2.5316078805224183,0.1687329940014756
0.555,-0.9719662411846185,-3.092981888879338,-31.654139126738556,1.6207850316412316,0.021642116485914478,45.34689623333616,193.00256932554885,-14.275211905104781,2.5149050088299845,0.17639011209752883
0.56,-0.8792093653814365,-3.0853314481740144,-31.85838179163824,1.6207055570978506,0.039959318875106835,44.45875998759023,183.89591007617508,-14.090635554893007,2.493841592241462,0.18577431520733073
0.565,-0.786903894736101,-3.076944146576304,-32.058060966594,1.6206213571149561,0.04463466197278606,43.62767154452921,170.30433299232845,-13.895856107733008,2.4690394209904696,0.19635218393899637
0.57,-0.6951756010052497,-3.0679202591709744,-32.25355997487558,1.6205337327216052,0.04019004122867528,42.860370641015656,154.22454805664628,-13.69189334816615,2.4410571297593306,0.2058732986222747
0.575,-0.6041516192164254,-3.058353832477188,-32.445303969323035,1.6204420334641023,0.03677873776616991,42.16271085351088,137.67669097226235,-13.479765549522734,2.410405649060574,0.21433085442471103
0.58,-0.5138935236781947,-3.0483268393447025,-32.6337208947387,1.6203496337819256,0.03415584562429656,41.53896630614011,120.87257750766177,-13.26014561971059,2.377521950515368,0.22206811989692163
0.585,-0.42443279381398136,-3.037916921852079,-32.81924520622842,1.620256656584278,0.03210054883610221,40.99223597542264,103.81762017460431,-13.033521449772659,2.3428079095876204,0.22926748018049936
0.59,-0.3357754456901871,-3.027195099229707,-33.00231788452571,1.6201627502600493,0.030411963082817038,40.5255446966514,86.80867170207435,-12.800212405259552,2.306622436525357,0.23609848985105122
0.595,-0.2479059701750633,-3.0162248149830937,-33.18338763760874,1.6200686673988987,0.028905072964910496,40.13903563640996,70.49848986019582,-12.560382355221124,2.2692795967788175,0.2427198766954045
0.6,-0.16080379225160207,-3.0050654611832233,-33.36288607196742,1.6199751825514808,0.027406985260835872,39.82991019216127,55.46492427418571,-12.315923601250836,2.2319929798950002,0.24728601270729703
0.605,-0.07440021749183655,-2.993772960725381,-33.54120580737906,1.619883216555598,0.022268217720730468,39.59424672753228,47.558886220465865,-12.07234079517047,2.197054435895132,0.24607576767180045
0.61,0.012309634010879542,-2.982393473295722,-33.71825652657073,1.619792771055633,0.00978567106492976,39.42618959406192,41.48617626328432,-11.819639808068398,2.161228323468978,0.2552279317200939
0.615,0.09951955674466882,-2.9709755723457194,-33.89429876086763,1.6197043983472499,0.00176257955355636,39.31724140278382,24.866351634853174,-11.55745501485401,2.1247548121653304,0.26470961543478294
0.62,0.18695181476181602,-2.9595739094805174,-34.06977313124584,1.6196187086266125,0.012836193625041714,39.256216824409,9.168309259561907,-11.287578538636865,2.0879159806103966,0.27237916480944196
0.625,0.27431143451426687,-2.94824763795996,-34.245064061889316,1.619536387132909,0.023881937213559513,39.22954224800287,17.964153269993812,-11.011795780096314,2.051007934010408,0.2782414979575284
0.63,0.3612719375038806,-2.9370630537946196,-34.420488763464114,1.6194567956245072,0.03534061091628951,39.220546917160284,35.33180736387646,-10.731955069020017,2.0143523706815847,0.2822312017295597
0.635,0.44746131999720495,-2.9260915188867207,-34.59628102274539,1.6193810820485988,0.04765118818988925,39.207880016022784,53.4733872011796,-10.450034213797842,1.9782870895036044,0.2842183500234432
0.64,0.532446140570336,-2.915412500290633,-34.772563231826446,1.6193101403788237,0.06125076593161998,39.16673560938948,71.44716672825014,-10.16821158255955,1.9431785390398468,0.2840010621526401
0.645,0.6157300033109873,-2.9051119766063023,-34.94933743020903,1.6192450235158242,0.0765714402684504,39.07423035604094,81.7805219154378,-9.888886178630734,1.9094154497499234,0.28135853500080693
0.65,0.6968780209540353,-2.8952788793001893,-35.126450702374626,1.6191844772861916,0.07970046671985886,38.91239651450713,81.80610267242642,-9.614123770233679,1.8773909394400599,0.2766223930861622
0.655,0.7760919358122864,-2.885981917102849,-35.30336504449648,1.6191295074579566,0.05754731692180803,38.666868161891585,83.76649179889755,-9.343003134196792,1.8473808785411903,0.27277646775028913
0.66,0.8534535062710842,-2.877281668176874,-35.479541182470626,1.6190827802008885,0.03693751707658989,38.328102230313796,93.26703962713906,-9.07518882143796,1.8196319121318452,0.26924804522110213
0.665,0.9289892137505918,-2.8692323121260337,-35.65442944769042,1.619043442439125,0.01767999925399215,37.88942181679992,107.34911476071825,-8.810634798771574,1.794367628593231,0.26575762227274907
0.67,1.002716632971182,-2.8618765750870576,-35.827455008979065,1.6190096453871794,0.00041540359789549544,37.34864188147512,123.79964888169408,-8.549365656320957,1.7717642006284207,0.26224507404797925
0.675,1.0746540219122898,-2.85523614530027,-35.99805420817265,1.6189860581913171,0.017536139360354572,36.70811565459647,141.18475134274013,-8.2914428841706,1.7519097862334279,0.2586858200549058
0.68,1.144817684689644,-2.8493279156366986,-36.16568333088252,1.6189676510186652,0.03386177657784896,35.97170256800761,158.53221063224717,-8.036970632484115,1.7348755174893509,0.2550417469994872
0.685,1.2132195810425002,-2.8441477657952445,-36.329826678740964,1.6189565231719607,0.049559290136356585,35.14552898553756,174.97586702695804,-7.786100085434559,1.7206435049098445,0.2512739167540615
0.69,1.279868717592894,-2.839680337448576,-36.4900118117691,1.6189530353223622,0.06477978949317964,34.23827605154969,189.93736803016284,-7.539018863803848,1.7091496198948573,0.24734841676237504
0.695,1.3448422194971221,-2.8358984777514484,-36.64579089347299,1.6189556695943272,0.057594765415233264,33.26060042959316,202.7137310795666,-7.295616861646108,1.700277956770811,0.24356362811878227
0.7,1.408168274587076,-2.832766021106731,-36.79679865959398,1.6189639156369005,0.044943463796465945,32.224713845859426,212.79399233718948,-7.056021760003894,1.6938769760382866,0.23968059001184033
0.705,1.4695053372398381,-2.8302496522044525,-36.94289426957188,1.6189791163725147,0.032766813573814314,31.143157758486517,220.52446721884394,-6.8220737738638455,1.689824130912644,0.23398308860497874
0.71,1.528558242789807,-2.828317037115081,-37.08398516626619,1.6189951846834418,0.020844530543963513,30.029544120864834,225.41832844674684,-6.595394569647722,1.6880017488748953,0.22668652959863803
0.715,1.585103487953464,-2.8269170944929485,-37.22002837721904,1.6190193379815554,0.008997426170368158,28.901642273733152,227.06188195715228,-6.377269380948174,1.6882088523596581,0.21812528702486836
0.72,1.6389972123473986,-2.8260105488329916,-37.3510589514394,1.6190433919486358,0.0029184829125876617,27.775773746279686,225.7506012992718,-6.168615682313099,1.6902973630666736,0.20866415078818623
0.725,1.690153639624651,-2.8255450046110413,-37.47715080666398,1.6190710989130732,0.015013266973482244,26.665743366057914,221.55379563271575,-5.970067954751758,1.6940596200070912,0.19858336958590697
0.73,1.738547175296104,-2.8254718632409492,-37.59843660124065,1.6191027596597483,0.027370294944922532,25.5867575921854,214.4570753133853,-5.781974525212091,1.699304470942294,0.1881665397366071
0.735,1.7842047037730036,-2.8257507959426027,-37.71510578431861,1.619132333881553,0.040052195941122054,24.553034548841268,204.68247937849802,-5.604432172701976,1.705876997285624,0.1776639665429871
0.74,1.8271975641414973,-2.8263917724239898,-37.82740256569894,1.6191066954838442,0.05310706986134495,23.5783072682917,192.34611910091937,-5.437323421004824,1.7138452615298105,0.16729861950213495
0.745,1.8676350927637426,-2.8274580527970787,-37.93562814787996,1.6189236684302983,0.06657525126993946,22.67485682903952,176.89174115569992,-5.280349569480795,1.7235149874249909,0.1572714010937452
0.75,1.905662224056857,-2.8288799454268867,-38.04012778602135,1.6186186950359023,0.08048553236229805,21.851681539834647,158.33677482774533,-5.133039983128159,1.7346013538213616,0.14772617129542343
0.755,1.941799167514833,-2.830594621382227,-38.14115053246534,1.6182153932853192,0.07653781080198367,21.11937186196926,138.6960307726001,-4.993198851444319,1.7468366617384063,0.14037537103775136
0.76,1.976410133088754,-2.8326204579057777,-38.23908388348615,1.6178140268444885,0.0687868494636004,20.486165277097957,119.1665980802058,-4.859348103806574,1.7603224598423415,0.1345283959136407
0.765,2.009659374799331,-2.83509355328128,-38.33439402822944,1.617619007598524,0.061662975076419706,19.95404340726188,99.45931332335022,-4.730913105886106,1.7756911719231696,0.12935125011689988
0.77,2.0417122633743476,-2.837954136160482,-38.42756085419167,1.6176107342945603,0.05513228718279277,19.523418973032996,79.84035255149954,-4.6073074040099,1.7927042607962962,0.1247710487947153
0.775,2.0727278929937447,-2.8411464619486626,-38.519061602938926,1.6177599974812953,0.04916624969270944,19.191733421478204,61.565445836573076,-4.48796457739566,1.8111401054431666,0.12075839725099888
0.78,2.1028528981754073,-2.8446237310392037,-38.60935635042957,1.6180449640781154,0.04374385499544024,18.953288570787553,45.89685490168475,-4.372365436901201,1.8308156415532866,0.11726162147602615
0.785,2.132214861047798,-2.8484112879704826,-38.698870495097694,1.6183837643399093,0.03885339962784506,18.79850129381911,34.06315095088182,-4.260065873903212,1.8518676468792536,0.11425575975235264
0.79,2.160915798670211,-2.8525190158624287,-38.78797530002077,1.6187177461344664,0.03449367299703937,18.713062964628097,27.03858962190565,-4.150723534884177,1.8743618061829497,0.11163213764484577
0.795,2.1890259418072286,-2.8569045745297066,-38.876966642552325,1.6190439403494965,0.03067439530663327,18.678255244187085,24.71189514990632,-4.044122366941912,1.8981275429254556,0.10921821773877319
0.8,2.2165784018146852,-2.861530460013185,-38.966043237567646,1.6193540247227656,0.027415660501815778,18.670440940084696,24.800517446503004,-3.940192466093451,1.9230112473378005,0.10686731428573776
0.805,2.243563223783088,-2.8663412716356325,-39.055278644706235,1.6196532962934675,0.02474634337488277,18.661333330149898,25.868080735034212,-3.8390305364060606,1.9487733219545744,0.1043907099918616
0.81,2.2699258945633516,-2.8712830945714716,-39.14460265989674,1.6199388509185688,0.022700665341953336,18.622299002959938,29.396848538353403,-3.7409014711462287,1.9751735010956026,0.10161831890934674
0.815,2.295576002974059,-2.876296582524623,-39.23381313605594,1.6202069381060733,0.021312932778983017,18.52923847208968,37.44739372171792,-3.646200303231117,2.001940178305074,0.0984112089846937
0.82,2.320400815512151,-2.8813181856333783,-39.322605039482376,1.620454341533084,0.020612046005854534,18.364268533810783,49.94724242943366,-3.5553955339585137,2.0287769092896073,0.09468746540064302
0.825,2.344277746340052,-2.8862811726982764,-39.41059855409252,1.6206806914398806,0.020616825991816058,18.115311330452315,65.47896518610035,-3.4689771393315967,2.0553680047363296,0.09041695170255963
0.83,2.3670834897831523,-2.8911247882228803,-39.49736490022986,1.6208827919040392,0.020585048666835394,17.775422359299398,82.43303610050347,-3.3874191985739857,2.081420485080252,0.08561792640409766
0.835,2.3887021443350025,-2.8957894852796615,-39.58244915449819,1.6210625399099374,0.016879832269799035,17.3420633516398,99.4503115353321,-3.3111468524717593,2.1066440369907897,0.08033491307764531
0.84,2.4090851948897316,-2.900229430452149,-39.66537584745428,1.621216297203448,0.013941353661241338,16.81846926736169,115.73367920589382,-3.240267055372958,2.13080579865374,0.0748848201455287
0.845,2.4282126631695844,-2.9044031597553053,-39.74569992589964,1.621347797117826,0.01169787061465898,16.211352659580463,130.8007938829011,-3.1747543115336185,2.1536925814094947,0.06939542043378104
0.85,2.446076634021863,-2.908288363601571,-39.82300669003515,1.6214530952523054,0.010072060835782862,15.529382189114772,144.04558658296497,-3.1145245637873833,2.1751772731908057,0.06394696598603448
0.855,2.462683721710169,-2.9118616555867565,-39.89693579492741,1.6215411408734095,0.008983531642079969,14.78443511003235,154.86166358571163,-3.0594310187559466,2.195130129574247,0.058595350968975446
0.86,2.4780537663307465,-2.9151217751972824,-39.96718962816425,1.6216094674247419,0.008351814368072339,13.990460302155268,162.83858781131508,-3.0092738570316273,2.2135231486743314,0.05342325339706545
0.865,2.4922197846562626,-2.9180724301256618,-40.03354598931966,1.621660076563363,0.008099013468413862,13.162983081248303,167.68772863048713,-2.963806013242582,2.2303545520596053,0.048483202697611305
0.87,2.505226458890949,-2.9207247820270457,-40.09586232710702,1.6216951009387506,0.0081521548095342,12.318548526370792,169.4252059403442,-2.92274387941291,2.2456601678823405,0.043821920348907396
0.875,2.517129590355922,-2.9230954703859755,-40.15408201889673,1.6217170627204203,0.008445008510300469,11.47230156646945,167.76128251865273,-2.8857743040980157,2.2595054532812724,0.03947710002415636
0.88,2.527990921728206,-2.9251987531643664,-40.20821504464067,1.621734189786408,0.008919192152406946,10.64350377085427,162.3651553420303,-2.852575264770363,2.2719490538700513,0.03545446943799339
0.885,2.537889229131253,-2.9270706843533016,-40.25839717754518,1.6217370648098886,0.009525456608783409,9.850504848475163,153.8130647772861,-2.8227855217185893,2.283155353357355,0.031827817039596425
0.89,2.546906329251019,-2.9287242869747008,-40.30482261446095,1.6217395803227506,0.0102235615399511,9.106740675734345,142.52211012230234,-2.7960509776025018,2.2931887582791273,0.02855529833446806
0.895,2.555131054734445,-2.930195565947968,-40.347762870841855,1.621732926371588,0.010982260539707852,8.426299227088093,128.68430547556162,-2.772013516680865,2.3022223777049917,0.02567889810770347
0.9,2.5626570531013977,-2.9315067943151085,-40.387553649855974,1.621721349758051,0.011778761819784895,7.820682793117598,112.78011376092863,-2.7503186118448384,2.3103718462532976,0.023175045524496427
0.905,2.5695811137432036,-2.932677796385847,-40.42458306520345,1.621710267309064,0.012597949729867412,7.299145931423428,95.36776502828964,-2.7306201287809837,2.3177453552232072,0.02103327993571135
0.91,2.576001708344624,-2.9337349385917797,-40.45928027449664,1.6216968999785006,0.013431481613257346,6.867556705279362,77.17944446654688,-2.712583517601568,2.324483811889447,0.019254249913059806
0.915,2.582015601904475,-2.9346998795782078,-40.49209327327418,1.6216809821553166,0.01427654950797999,6.52785376265456,58.94188693538877,-2.695894681394988,2.330708285115141,0.0178118310590142
0.92,2.5877155865408823,-2.935591180070018,-40.52347238382355,1.621662919664927,0.015134711140700453,6.27865220995026,41.497703266235796,-2.680264067790635,2.3365270112527736,0.016678538886642075
0.925,2.5931881921825064,-2.9364236691344603,-40.55385369047967,1.621644255041982,0.016010732563513465,6.11348342448078,25.96664201195335,-2.6654317329697195,2.3420308853095584,0.01582058113460235
0.93,2.5985083017735544,-2.9372099159068856,-40.583625230392414,1.6216256308793975,0.016910923004358987,6.019819636841581,13.528628007812875,-2.6511798638134088,2.3472982631202743,0.015194112178346642
0.935,2.603735227484851,-2.937961648418212,-40.613100779117545,1.6216051215963017,0.01784159773955958,5.979602178210116,5.765929378958765,-2.6373408413675694,2.352399823283296,0.014749388276234683
0.94,2.608908456411744,-2.9386852553011495,-40.64249138686741,1.6215825165869315,0.018807403034121248,5.965208573573537,7.023395166129382,-2.6238058305782723,2.3573764751626327,0.014420942441243681
0.945,2.614036969289776,-2.939382303607224,-40.6718394136543,1.6215578583897043,0.019808238626483773,5.911628958135496,24.782722825296876,-2.610549134911431,2.3622376883136162,0.014119892870558324
0.95,2.619047990961392,-2.940044509401319,-40.700715762873294,1.6215307558878598,0.02082730962705292,5.717925210757784,60.0247825098176,-2.5977534710908508,2.3669207901286438,0.013625727539591147
0.955,2.6237807404022866,-2.940654338800993,-40.728167982982434,1.621500770669658,0.021826597457320764,5.311555723425578,103.41281439083613,-2.5858130015453327,2.371290089893194,0.012714778506769948
0.96,2.6280452618947,-2.9411909397460523,-40.75305119287557,1.6214699458034767,0.02275716390920441,4.683868542462895,143.06142291281054,-2.5751755823822933,2.375182714863603,0.011327277623892712
0.965,2.6316729744375813,-2.9416344316029948,-40.77432656303359,1.6214442152791717,0.023570905426020198,3.8809706526984526,170.0704440359201,-2.566218382586017,2.3784457208072203,0.009533028711067546
0.97,2.6345557324013362,-2.9419847668134,-40.791302688703574,1.6214176633488933,0.02423183701764845,2.983174728568756,179.52265728574343,-2.559161125298587,2.381035923662144,0.007517581047412673
0.975,2.6366599292530095,-2.9422326274053177,-40.80373243981984,1.621401563281422,0.024722155700839025,2.0857478956679745,169.87388534364354,-2.554043903429219,2.3828948952232007,0.005444422095472065
0.98,2.6380335780184447,-2.9423947519690685,-40.81186408287965,1.6213886533358073,0.02504579745760295,1.2844366392182862,142.7684030526617,-2.550718745911529,2.3841116853706064,0.003540798080212414
0.985,2.6387979899699623,-2.9424851061828274,-40.816395089576275,1.6213806228847014,0.025227106154972326,0.6580639660200239,103.30927035761326,-2.5488738519583376,2.3847898551701077,0.0019655916506845423
0.99,2.6391278833306706,-2.94252413073744,-40.81835180785497,1.6213769692849223,0.025305618244671618,0.25134394574442204,60.10582745547782,-2.5480788867061874,2.385082757697269,0.0008472102193368364
0.995,2.639215744510904,-2.942534523150467,-40.81887307605991,1.6213759813243618,0.025326555482999603,0.05700569189904431,24.3077184649073,-2.5478672543678855,2.385160798480518,0.0002255578842045107
1,2.639222612823421,-2.942535335415087,-40.818913827133365,1.6213759039446298,0.0253281926729406,0.00826676110328772,9.747786159239848,-2.5478507113262023,2.3851668998937865,1.758027537185658e-05
