index,x,y,z,rotation,nextSegmentDistance
0,-4.699999809265137,-4.406394004821777,-12.800000190734863,-0.18,1.6548196638624548
1,-4.8256988525390625,-4.417757511138916,-14.449999809265137,0.03990619266913112,1.6623730906752268
2,-5.149578094482422,-4.458820343017578,-16.079999923706055,-0.1928423115540676,1.6058461396702142
3,-5.012696743011475,-4.456795692443848,-17.68000030517578,-0.3991562139438849,1.5905784586418767
4,-5.039175987243652,-4.42305850982666,-19.270000457763672,-0.1543591749328914,1.6013141283449694
5,-4.859023094177246,-4.362631797790527,-20.860000610351562,0.03765881425714401,1.6688194703480652
6,-4.3537774085998535,-4.3228230476379395,-22.450000762939453,-0.2183518918690559,1.6074513606931742
7,-4.1176323890686035,-4.328732490539551,-24.040000915527344,-0.39541910041328976,1.729070882654544
8,-3.4422354698181152,-4.402425765991211,-25.6299991607666,-0.12906783847766143,1.7039211858515302
9,-2.8380625247955322,-4.5035295486450195,-27.219999313354492,0.03244471084084105,1.6653784084085574
10,-2.349613666534424,-4.5860066413879395,-28.809999465942383,-0.24333872966631437,1.8296703535798267
11,-1.4450286626815796,-4.622325897216797,-30.399999618530273,-0.38874578954198724,1.6577975775446536
12,-0.8851968050003052,-4.586510181427002,-31.959999084472656,-0.10447071565962228,1.7201618936967238
13,-0.12356778234243393,-4.501214504241943,-33.5,0.024334951496992885,1.764707024397947
14,0.7499542832374573,-4.399953365325928,-35.029998779296875,-0.26746225028671594,1.595264047603134
15,1.2309043407440186,-4.343801498413086,-36.54999923706055,-0.3792272396414572,1.6637482386284945
16,1.990938663482666,-4.3465189933776855,-38.029998779296875,-0.08090306925941435,1.5044503201643573
17,2.3844761848449707,-4.423957824707031,-39.47999954223633,0.013440073563158988,1.440868907327847
18,2.680000066757202,-4.449828147888184,-40.88999938964844,-0.035,1.2999361277097694
19,2.8399999141693115,-4.461300849914551,-42.18000030517578,-0.035,1.1710699573560799
20,2.890000104904175,-4.464319229125977,-43.349998474121094,-0.035,
